SID,EDFPath,AnnotPath,run,lab,sex,age,age_category,genotype2
sub-001,MSSV_mice_sleep_staging_dataset_openneuro_ds006366/sub-001/eeg/sub-001_task-sleep_run-1_eeg.edf,MSSV_mice_sleep_staging_dataset_openneuro_ds006366/sub-001/eeg/sub-001_task-sleep_run-1_events.tsv,1,lab_1,Male,17 wks,adult,WT
sub-002,MSSV_mice_sleep_staging_dataset_openneuro_ds006366/sub-002/eeg/sub-002_task-sleep_run-1_eeg.edf,MSSV_mice_sleep_staging_dataset_openneuro_ds006366/sub-002/eeg/sub-002_task-sleep_run-1_events.tsv,1,lab_1,Male,18 wks,adult,WT
sub-003,MSSV_mice_sleep_staging_dataset_openneuro_ds006366/sub-003/eeg/sub-003_task-sleep_run-1_eeg.edf,MSSV_mice_sleep_staging_dataset_openneuro_ds006366/sub-003/eeg/sub-003_task-sleep_run-1_events.tsv,1,lab_1,Male,18 wks,adult,WT
sub-004,MSSV_mice_sleep_staging_dataset_openneuro_ds006366/sub-004/eeg/sub-004_task-sleep_run-1_eeg.edf,MSSV_mice_sleep_staging_dataset_openneuro_ds006366/sub-004/eeg/sub-004_task-sleep_run-1_events.tsv,1,lab_1,Male,15 wks,adult,WT
sub-005,MSSV_mice_sleep_staging_dataset_openneuro_ds006366/sub-005/eeg/sub-005_task-sleep_run-1_eeg.edf,MSSV_mice_sleep_staging_dataset_openneuro_ds006366/sub-005/eeg/sub-005_task-sleep_run-1_events.tsv,1,lab_1,Male,18 wks,adult,WT
sub-006,MSSV_mice_sleep_staging_dataset_openneuro_ds006366/sub-006/eeg/sub-006_task-sleep_run-1_eeg.edf,MSSV_mice_sleep_staging_dataset_openneuro_ds006366/sub-006/eeg/sub-006_task-sleep_run-1_events.tsv,1,lab_1,Male,17 wks,adult,WT
sub-007,MSSV_mice_sleep_staging_dataset_openneuro_ds006366/sub-007/eeg/sub-007_task-sleep_run-1_eeg.edf,MSSV_mice_sleep_staging_dataset_openneuro_ds006366/sub-007/eeg/sub-007_task-sleep_run-1_events.tsv,1,lab_1,Male,18 wks,adult,WT
sub-008,MSSV_mice_sleep_staging_dataset_openneuro_ds006366/sub-008/eeg/sub-008_task-sleep_run-1_eeg.edf,MSSV_mice_sleep_staging_dataset_openneuro_ds006366/sub-008/eeg/sub-008_task-sleep_run-1_events.tsv,1,lab_1,Male,17 wks,adult,WT
sub-009,MSSV_mice_sleep_staging_dataset_openneuro_ds006366/sub-009/eeg/sub-009_task-sleep_run-1_eeg.edf,MSSV_mice_sleep_staging_dataset_openneuro_ds006366/sub-009/eeg/sub-009_task-sleep_run-1_events.tsv,1,lab_1,Male,15 wks,adult,WT
sub-010,MSSV_mice_sleep_staging_dataset_openneuro_ds006366/sub-010/eeg/sub-010_task-sleep_run-1_eeg.edf,MSSV_mice_sleep_staging_dataset_openneuro_ds006366/sub-010/eeg/sub-010_task-sleep_run-1_events.tsv,1,lab_1,Male,15 wks,adult,WT
sub-012,MSSV_mice_sleep_staging_dataset_openneuro_ds006366/sub-012/eeg/sub-012_task-sleep_run-1_eeg.edf,MSSV_mice_sleep_staging_dataset_openneuro_ds006366/sub-012/eeg/sub-012_task-sleep_run-1_events.tsv,1,lab_4,Male,14 weeks old,adult,WT
sub-013,MSSV_mice_sleep_staging_dataset_openneuro_ds006366/sub-013/eeg/sub-013_task-sleep_run-1_eeg.edf,MSSV_mice_sleep_staging_dataset_openneuro_ds006366/sub-013/eeg/sub-013_task-sleep_run-1_events.tsv,1,lab_4,Male,12 weeks old,adult,WT
sub-018,MSSV_mice_sleep_staging_dataset_openneuro_ds006366/sub-018/eeg/sub-018_task-sleep_run-1_eeg.edf,MSSV_mice_sleep_staging_dataset_openneuro_ds006366/sub-018/eeg/sub-018_task-sleep_run-1_events.tsv,1,lab_4,Male,14 weeks old,adult,WT
sub-019,MSSV_mice_sleep_staging_dataset_openneuro_ds006366/sub-019/eeg/sub-019_task-sleep_run-1_eeg.edf,MSSV_mice_sleep_staging_dataset_openneuro_ds006366/sub-019/eeg/sub-019_task-sleep_run-1_events.tsv,1,lab_4,Male,14 weeks old,adult,WT
sub-020,MSSV_mice_sleep_staging_dataset_openneuro_ds006366/sub-020/eeg/sub-020_task-sleep_run-1_eeg.edf,MSSV_mice_sleep_staging_dataset_openneuro_ds006366/sub-020/eeg/sub-020_task-sleep_run-1_events.tsv,1,lab_4,Male,12 weeks old,adult,WT
sub-028,MSSV_mice_sleep_staging_dataset_openneuro_ds006366/sub-028/eeg/sub-028_task-sleep_run-1_eeg.edf,MSSV_mice_sleep_staging_dataset_openneuro_ds006366/sub-028/eeg/sub-028_task-sleep_run-1_events.tsv,1,lab_4,Male,12 weeks old,adult,WT
sub-034,MSSV_mice_sleep_staging_dataset_openneuro_ds006366/sub-034/eeg/sub-034_task-sleep_run-1_eeg.edf,MSSV_mice_sleep_staging_dataset_openneuro_ds006366/sub-034/eeg/sub-034_task-sleep_run-1_events.tsv,1,lab_4,Male,14 weeks old,adult,WT
sub-038,MSSV_mice_sleep_staging_dataset_openneuro_ds006366/sub-038/eeg/sub-038_task-sleep_run-1_eeg.edf,MSSV_mice_sleep_staging_dataset_openneuro_ds006366/sub-038/eeg/sub-038_task-sleep_run-1_events.tsv,1,lab_3,Female,7w,adult,WT
sub-038,MSSV_mice_sleep_staging_dataset_openneuro_ds006366/sub-038/eeg/sub-038_task-sleep_run-2_eeg.edf,MSSV_mice_sleep_staging_dataset_openneuro_ds006366/sub-038/eeg/sub-038_task-sleep_run-2_events.tsv,2,lab_3,Female,7w,adult,WT
sub-039,MSSV_mice_sleep_staging_dataset_openneuro_ds006366/sub-039/eeg/sub-039_task-sleep_run-1_eeg.edf,MSSV_mice_sleep_staging_dataset_openneuro_ds006366/sub-039/eeg/sub-039_task-sleep_run-1_events.tsv,1,lab_3,Male,10-11w,adult,WT
sub-039,MSSV_mice_sleep_staging_dataset_openneuro_ds006366/sub-039/eeg/sub-039_task-sleep_run-2_eeg.edf,MSSV_mice_sleep_staging_dataset_openneuro_ds006366/sub-039/eeg/sub-039_task-sleep_run-2_events.tsv,2,lab_3,Male,10-11w,adult,WT
sub-039,MSSV_mice_sleep_staging_dataset_openneuro_ds006366/sub-039/eeg/sub-039_task-sleep_run-3_eeg.edf,MSSV_mice_sleep_staging_dataset_openneuro_ds006366/sub-039/eeg/sub-039_task-sleep_run-3_events.tsv,3,lab_3,Male,10-11w,adult,WT
sub-040,MSSV_mice_sleep_staging_dataset_openneuro_ds006366/sub-040/eeg/sub-040_task-sleep_run-1_eeg.edf,MSSV_mice_sleep_staging_dataset_openneuro_ds006366/sub-040/eeg/sub-040_task-sleep_run-1_events.tsv,1,lab_3,Female,10w,adult,WT
sub-040,MSSV_mice_sleep_staging_dataset_openneuro_ds006366/sub-040/eeg/sub-040_task-sleep_run-2_eeg.edf,MSSV_mice_sleep_staging_dataset_openneuro_ds006366/sub-040/eeg/sub-040_task-sleep_run-2_events.tsv,2,lab_3,Female,10w,adult,WT
sub-041,MSSV_mice_sleep_staging_dataset_openneuro_ds006366/sub-041/eeg/sub-041_task-sleep_run-1_eeg.edf,MSSV_mice_sleep_staging_dataset_openneuro_ds006366/sub-041/eeg/sub-041_task-sleep_run-1_events.tsv,1,lab_3,Male,10-11w,adult,WT
sub-041,MSSV_mice_sleep_staging_dataset_openneuro_ds006366/sub-041/eeg/sub-041_task-sleep_run-2_eeg.edf,MSSV_mice_sleep_staging_dataset_openneuro_ds006366/sub-041/eeg/sub-041_task-sleep_run-2_events.tsv,2,lab_3,Male,10-11w,adult,WT
sub-041,MSSV_mice_sleep_staging_dataset_openneuro_ds006366/sub-041/eeg/sub-041_task-sleep_run-3_eeg.edf,MSSV_mice_sleep_staging_dataset_openneuro_ds006366/sub-041/eeg/sub-041_task-sleep_run-3_events.tsv,3,lab_3,Male,10-11w,adult,WT
sub-042,MSSV_mice_sleep_staging_dataset_openneuro_ds006366/sub-042/eeg/sub-042_task-sleep_run-1_eeg.edf,MSSV_mice_sleep_staging_dataset_openneuro_ds006366/sub-042/eeg/sub-042_task-sleep_run-1_events.tsv,1,lab_3,Male,10-11w,adult,WT
sub-042,MSSV_mice_sleep_staging_dataset_openneuro_ds006366/sub-042/eeg/sub-042_task-sleep_run-2_eeg.edf,MSSV_mice_sleep_staging_dataset_openneuro_ds006366/sub-042/eeg/sub-042_task-sleep_run-2_events.tsv,2,lab_3,Male,10-11w,adult,WT
sub-042,MSSV_mice_sleep_staging_dataset_openneuro_ds006366/sub-042/eeg/sub-042_task-sleep_run-3_eeg.edf,MSSV_mice_sleep_staging_dataset_openneuro_ds006366/sub-042/eeg/sub-042_task-sleep_run-3_events.tsv,3,lab_3,Male,10-11w,adult,WT
sub-043,MSSV_mice_sleep_staging_dataset_openneuro_ds006366/sub-043/eeg/sub-043_task-sleep_run-1_eeg.edf,MSSV_mice_sleep_staging_dataset_openneuro_ds006366/sub-043/eeg/sub-043_task-sleep_run-1_events.tsv,1,lab_3,Female,7w,adult,WT
sub-044,MSSV_mice_sleep_staging_dataset_openneuro_ds006366/sub-044/eeg/sub-044_task-sleep_run-1_eeg.edf,MSSV_mice_sleep_staging_dataset_openneuro_ds006366/sub-044/eeg/sub-044_task-sleep_run-1_events.tsv,1,lab_3,Male,7w,adult,WT
sub-044,MSSV_mice_sleep_staging_dataset_openneuro_ds006366/sub-044/eeg/sub-044_task-sleep_run-2_eeg.edf,MSSV_mice_sleep_staging_dataset_openneuro_ds006366/sub-044/eeg/sub-044_task-sleep_run-2_events.tsv,2,lab_3,Male,7w,adult,WT
sub-045,MSSV_mice_sleep_staging_dataset_openneuro_ds006366/sub-045/eeg/sub-045_task-sleep_run-1_eeg.edf,MSSV_mice_sleep_staging_dataset_openneuro_ds006366/sub-045/eeg/sub-045_task-sleep_run-1_events.tsv,1,lab_3,Female,4w,juvenile,WT
sub-045,MSSV_mice_sleep_staging_dataset_openneuro_ds006366/sub-045/eeg/sub-045_task-sleep_run-2_eeg.edf,MSSV_mice_sleep_staging_dataset_openneuro_ds006366/sub-045/eeg/sub-045_task-sleep_run-2_events.tsv,2,lab_3,Female,4w,juvenile,WT
sub-046,MSSV_mice_sleep_staging_dataset_openneuro_ds006366/sub-046/eeg/sub-046_task-sleep_run-1_eeg.edf,MSSV_mice_sleep_staging_dataset_openneuro_ds006366/sub-046/eeg/sub-046_task-sleep_run-1_events.tsv,1,lab_3,Male,10-11w,adult,WT
sub-046,MSSV_mice_sleep_staging_dataset_openneuro_ds006366/sub-046/eeg/sub-046_task-sleep_run-2_eeg.edf,MSSV_mice_sleep_staging_dataset_openneuro_ds006366/sub-046/eeg/sub-046_task-sleep_run-2_events.tsv,2,lab_3,Male,10-11w,adult,WT
sub-046,MSSV_mice_sleep_staging_dataset_openneuro_ds006366/sub-046/eeg/sub-046_task-sleep_run-3_eeg.edf,MSSV_mice_sleep_staging_dataset_openneuro_ds006366/sub-046/eeg/sub-046_task-sleep_run-3_events.tsv,3,lab_3,Male,10-11w,adult,WT
sub-047,MSSV_mice_sleep_staging_dataset_openneuro_ds006366/sub-047/eeg/sub-047_task-sleep_run-1_eeg.edf,MSSV_mice_sleep_staging_dataset_openneuro_ds006366/sub-047/eeg/sub-047_task-sleep_run-1_events.tsv,1,lab_3,Male,13w,adult,WT
sub-048,MSSV_mice_sleep_staging_dataset_openneuro_ds006366/sub-048/eeg/sub-048_task-sleep_run-1_eeg.edf,MSSV_mice_sleep_staging_dataset_openneuro_ds006366/sub-048/eeg/sub-048_task-sleep_run-1_events.tsv,1,lab_3,Male,10-11w,adult,WT
sub-048,MSSV_mice_sleep_staging_dataset_openneuro_ds006366/sub-048/eeg/sub-048_task-sleep_run-2_eeg.edf,MSSV_mice_sleep_staging_dataset_openneuro_ds006366/sub-048/eeg/sub-048_task-sleep_run-2_events.tsv,2,lab_3,Male,10-11w,adult,WT
sub-048,MSSV_mice_sleep_staging_dataset_openneuro_ds006366/sub-048/eeg/sub-048_task-sleep_run-3_eeg.edf,MSSV_mice_sleep_staging_dataset_openneuro_ds006366/sub-048/eeg/sub-048_task-sleep_run-3_events.tsv,3,lab_3,Male,10-11w,adult,WT
sub-049,MSSV_mice_sleep_staging_dataset_openneuro_ds006366/sub-049/eeg/sub-049_task-sleep_run-1_eeg.edf,MSSV_mice_sleep_staging_dataset_openneuro_ds006366/sub-049/eeg/sub-049_task-sleep_run-1_events.tsv,1,lab_3,Female,4w,juvenile,WT
sub-049,MSSV_mice_sleep_staging_dataset_openneuro_ds006366/sub-049/eeg/sub-049_task-sleep_run-2_eeg.edf,MSSV_mice_sleep_staging_dataset_openneuro_ds006366/sub-049/eeg/sub-049_task-sleep_run-2_events.tsv,2,lab_3,Female,4w,juvenile,WT
sub-050,MSSV_mice_sleep_staging_dataset_openneuro_ds006366/sub-050/eeg/sub-050_task-sleep_run-1_eeg.edf,MSSV_mice_sleep_staging_dataset_openneuro_ds006366/sub-050/eeg/sub-050_task-sleep_run-1_events.tsv,1,lab_3,Female,10w,adult,WT
sub-050,MSSV_mice_sleep_staging_dataset_openneuro_ds006366/sub-050/eeg/sub-050_task-sleep_run-2_eeg.edf,MSSV_mice_sleep_staging_dataset_openneuro_ds006366/sub-050/eeg/sub-050_task-sleep_run-2_events.tsv,2,lab_3,Female,10w,adult,WT
sub-051,MSSV_mice_sleep_staging_dataset_openneuro_ds006366/sub-051/eeg/sub-051_task-sleep_run-1_eeg.edf,MSSV_mice_sleep_staging_dataset_openneuro_ds006366/sub-051/eeg/sub-051_task-sleep_run-1_events.tsv,1,lab_3,Male,14W,adult,WT
sub-052,MSSV_mice_sleep_staging_dataset_openneuro_ds006366/sub-052/eeg/sub-052_task-sleep_run-1_eeg.edf,MSSV_mice_sleep_staging_dataset_openneuro_ds006366/sub-052/eeg/sub-052_task-sleep_run-1_events.tsv,1,lab_3,Female,4w,juvenile,WT
sub-052,MSSV_mice_sleep_staging_dataset_openneuro_ds006366/sub-052/eeg/sub-052_task-sleep_run-2_eeg.edf,MSSV_mice_sleep_staging_dataset_openneuro_ds006366/sub-052/eeg/sub-052_task-sleep_run-2_events.tsv,2,lab_3,Female,4w,juvenile,WT
sub-053,MSSV_mice_sleep_staging_dataset_openneuro_ds006366/sub-053/eeg/sub-053_task-sleep_run-1_eeg.edf,MSSV_mice_sleep_staging_dataset_openneuro_ds006366/sub-053/eeg/sub-053_task-sleep_run-1_events.tsv,1,lab_3,Female,7w,adult,WT
sub-053,MSSV_mice_sleep_staging_dataset_openneuro_ds006366/sub-053/eeg/sub-053_task-sleep_run-2_eeg.edf,MSSV_mice_sleep_staging_dataset_openneuro_ds006366/sub-053/eeg/sub-053_task-sleep_run-2_events.tsv,2,lab_3,Female,7w,adult,WT
sub-054,MSSV_mice_sleep_staging_dataset_openneuro_ds006366/sub-054/eeg/sub-054_task-sleep_run-1_eeg.edf,MSSV_mice_sleep_staging_dataset_openneuro_ds006366/sub-054/eeg/sub-054_task-sleep_run-1_events.tsv,1,lab_3,Male,7w,adult,WT
sub-054,MSSV_mice_sleep_staging_dataset_openneuro_ds006366/sub-054/eeg/sub-054_task-sleep_run-2_eeg.edf,MSSV_mice_sleep_staging_dataset_openneuro_ds006366/sub-054/eeg/sub-054_task-sleep_run-2_events.tsv,2,lab_3,Male,7w,adult,WT
sub-055,MSSV_mice_sleep_staging_dataset_openneuro_ds006366/sub-055/eeg/sub-055_task-sleep_run-1_eeg.edf,MSSV_mice_sleep_staging_dataset_openneuro_ds006366/sub-055/eeg/sub-055_task-sleep_run-1_events.tsv,1,lab_3,Female,7w,adult,WT
sub-055,MSSV_mice_sleep_staging_dataset_openneuro_ds006366/sub-055/eeg/sub-055_task-sleep_run-2_eeg.edf,MSSV_mice_sleep_staging_dataset_openneuro_ds006366/sub-055/eeg/sub-055_task-sleep_run-2_events.tsv,2,lab_3,Female,7w,adult,WT
sub-056,MSSV_mice_sleep_staging_dataset_openneuro_ds006366/sub-056/eeg/sub-056_task-sleep_run-1_eeg.edf,MSSV_mice_sleep_staging_dataset_openneuro_ds006366/sub-056/eeg/sub-056_task-sleep_run-1_events.tsv,1,lab_3,Female,15w,adult,WT
sub-057,MSSV_mice_sleep_staging_dataset_openneuro_ds006366/sub-057/eeg/sub-057_task-sleep_run-1_eeg.edf,MSSV_mice_sleep_staging_dataset_openneuro_ds006366/sub-057/eeg/sub-057_task-sleep_run-1_events.tsv,1,lab_3,Female,4w,juvenile,WT
sub-058,MSSV_mice_sleep_staging_dataset_openneuro_ds006366/sub-058/eeg/sub-058_task-sleep_run-1_eeg.edf,MSSV_mice_sleep_staging_dataset_openneuro_ds006366/sub-058/eeg/sub-058_task-sleep_run-1_events.tsv,1,lab_3,Male,8w,adult,WT
sub-058,MSSV_mice_sleep_staging_dataset_openneuro_ds006366/sub-058/eeg/sub-058_task-sleep_run-2_eeg.edf,MSSV_mice_sleep_staging_dataset_openneuro_ds006366/sub-058/eeg/sub-058_task-sleep_run-2_events.tsv,2,lab_3,Male,8w,adult,WT
sub-059,MSSV_mice_sleep_staging_dataset_openneuro_ds006366/sub-059/eeg/sub-059_task-sleep_run-1_eeg.edf,MSSV_mice_sleep_staging_dataset_openneuro_ds006366/sub-059/eeg/sub-059_task-sleep_run-1_events.tsv,1,lab_3,Female,4w,juvenile,WT
sub-060,MSSV_mice_sleep_staging_dataset_openneuro_ds006366/sub-060/eeg/sub-060_task-sleep_run-1_eeg.edf,MSSV_mice_sleep_staging_dataset_openneuro_ds006366/sub-060/eeg/sub-060_task-sleep_run-1_events.tsv,1,lab_3,Male,14w,adult,WT
sub-061,MSSV_mice_sleep_staging_dataset_openneuro_ds006366/sub-061/eeg/sub-061_task-sleep_run-1_eeg.edf,MSSV_mice_sleep_staging_dataset_openneuro_ds006366/sub-061/eeg/sub-061_task-sleep_run-1_events.tsv,1,lab_3,Female,4w,juvenile,WT
sub-062,MSSV_mice_sleep_staging_dataset_openneuro_ds006366/sub-062/eeg/sub-062_task-sleep_run-1_eeg.edf,MSSV_mice_sleep_staging_dataset_openneuro_ds006366/sub-062/eeg/sub-062_task-sleep_run-1_events.tsv,1,lab_3,Female,4w,juvenile,WT
sub-063,MSSV_mice_sleep_staging_dataset_openneuro_ds006366/sub-063/eeg/sub-063_task-sleep_run-1_eeg.edf,MSSV_mice_sleep_staging_dataset_openneuro_ds006366/sub-063/eeg/sub-063_task-sleep_run-1_events.tsv,1,lab_3,Female,4w,juvenile,WT
sub-064,MSSV_mice_sleep_staging_dataset_openneuro_ds006366/sub-064/eeg/sub-064_task-sleep_run-1_eeg.edf,MSSV_mice_sleep_staging_dataset_openneuro_ds006366/sub-064/eeg/sub-064_task-sleep_run-1_events.tsv,1,lab_3,Female,4w,juvenile,WT
sub-065,MSSV_mice_sleep_staging_dataset_openneuro_ds006366/sub-065/eeg/sub-065_task-sleep_run-1_eeg.edf,MSSV_mice_sleep_staging_dataset_openneuro_ds006366/sub-065/eeg/sub-065_task-sleep_run-1_events.tsv,1,lab_3,Female,4w,juvenile,WT
sub-066,MSSV_mice_sleep_staging_dataset_openneuro_ds006366/sub-066/eeg/sub-066_task-sleep_run-1_eeg.edf,MSSV_mice_sleep_staging_dataset_openneuro_ds006366/sub-066/eeg/sub-066_task-sleep_run-1_events.tsv,1,lab_3,Female,4w,juvenile,WT
sub-067,MSSV_mice_sleep_staging_dataset_openneuro_ds006366/sub-067/eeg/sub-067_task-sleep_run-1_eeg.edf,MSSV_mice_sleep_staging_dataset_openneuro_ds006366/sub-067/eeg/sub-067_task-sleep_run-1_events.tsv,1,lab_3,Female,4w,juvenile,WT
sub-068,MSSV_mice_sleep_staging_dataset_openneuro_ds006366/sub-068/eeg/sub-068_task-sleep_run-1_eeg.edf,MSSV_mice_sleep_staging_dataset_openneuro_ds006366/sub-068/eeg/sub-068_task-sleep_run-1_events.tsv,1,lab_3,Male,7w,adult,WT
sub-069,MSSV_mice_sleep_staging_dataset_openneuro_ds006366/sub-069/eeg/sub-069_task-sleep_run-1_eeg.edf,MSSV_mice_sleep_staging_dataset_openneuro_ds006366/sub-069/eeg/sub-069_task-sleep_run-1_events.tsv,1,lab_3,Female,4w,juvenile,WT
sub-070,MSSV_mice_sleep_staging_dataset_openneuro_ds006366/sub-070/eeg/sub-070_task-sleep_run-1_eeg.edf,MSSV_mice_sleep_staging_dataset_openneuro_ds006366/sub-070/eeg/sub-070_task-sleep_run-1_events.tsv,1,lab_2,Male,4-7 months,adult,WT
sub-070,MSSV_mice_sleep_staging_dataset_openneuro_ds006366/sub-070/eeg/sub-070_task-sleep_run-2_eeg.edf,MSSV_mice_sleep_staging_dataset_openneuro_ds006366/sub-070/eeg/sub-070_task-sleep_run-2_events.tsv,2,lab_2,Male,4-7 months,adult,WT
sub-071,MSSV_mice_sleep_staging_dataset_openneuro_ds006366/sub-071/eeg/sub-071_task-sleep_run-1_eeg.edf,MSSV_mice_sleep_staging_dataset_openneuro_ds006366/sub-071/eeg/sub-071_task-sleep_run-1_events.tsv,1,lab_2,Male,4-7 months,adult,WT
sub-071,MSSV_mice_sleep_staging_dataset_openneuro_ds006366/sub-071/eeg/sub-071_task-sleep_run-2_eeg.edf,MSSV_mice_sleep_staging_dataset_openneuro_ds006366/sub-071/eeg/sub-071_task-sleep_run-2_events.tsv,2,lab_2,Male,4-7 months,adult,WT
sub-072,MSSV_mice_sleep_staging_dataset_openneuro_ds006366/sub-072/eeg/sub-072_task-sleep_run-1_eeg.edf,MSSV_mice_sleep_staging_dataset_openneuro_ds006366/sub-072/eeg/sub-072_task-sleep_run-1_events.tsv,1,lab_2,Male,4-7 months,adult,WT
sub-072,MSSV_mice_sleep_staging_dataset_openneuro_ds006366/sub-072/eeg/sub-072_task-sleep_run-2_eeg.edf,MSSV_mice_sleep_staging_dataset_openneuro_ds006366/sub-072/eeg/sub-072_task-sleep_run-2_events.tsv,2,lab_2,Male,4-7 months,adult,WT
sub-073,MSSV_mice_sleep_staging_dataset_openneuro_ds006366/sub-073/eeg/sub-073_task-sleep_run-1_eeg.edf,MSSV_mice_sleep_staging_dataset_openneuro_ds006366/sub-073/eeg/sub-073_task-sleep_run-1_events.tsv,1,lab_2,Male,4-7 months,adult,WT
sub-073,MSSV_mice_sleep_staging_dataset_openneuro_ds006366/sub-073/eeg/sub-073_task-sleep_run-2_eeg.edf,MSSV_mice_sleep_staging_dataset_openneuro_ds006366/sub-073/eeg/sub-073_task-sleep_run-2_events.tsv,2,lab_2,Male,4-7 months,adult,WT
sub-074,MSSV_mice_sleep_staging_dataset_openneuro_ds006366/sub-074/eeg/sub-074_task-sleep_run-1_eeg.edf,MSSV_mice_sleep_staging_dataset_openneuro_ds006366/sub-074/eeg/sub-074_task-sleep_run-1_events.tsv,1,lab_2,Male,4-7 months,adult,WT
sub-074,MSSV_mice_sleep_staging_dataset_openneuro_ds006366/sub-074/eeg/sub-074_task-sleep_run-2_eeg.edf,MSSV_mice_sleep_staging_dataset_openneuro_ds006366/sub-074/eeg/sub-074_task-sleep_run-2_events.tsv,2,lab_2,Male,4-7 months,adult,WT
sub-075,MSSV_mice_sleep_staging_dataset_openneuro_ds006366/sub-075/eeg/sub-075_task-sleep_run-1_eeg.edf,MSSV_mice_sleep_staging_dataset_openneuro_ds006366/sub-075/eeg/sub-075_task-sleep_run-1_events.tsv,1,lab_2,Male,4-7 months,adult,WT
sub-075,MSSV_mice_sleep_staging_dataset_openneuro_ds006366/sub-075/eeg/sub-075_task-sleep_run-2_eeg.edf,MSSV_mice_sleep_staging_dataset_openneuro_ds006366/sub-075/eeg/sub-075_task-sleep_run-2_events.tsv,2,lab_2,Male,4-7 months,adult,WT
sub-076,MSSV_mice_sleep_staging_dataset_openneuro_ds006366/sub-076/eeg/sub-076_task-sleep_run-1_eeg.edf,MSSV_mice_sleep_staging_dataset_openneuro_ds006366/sub-076/eeg/sub-076_task-sleep_run-1_events.tsv,1,lab_2,Male,4-7 months,adult,WT
sub-076,MSSV_mice_sleep_staging_dataset_openneuro_ds006366/sub-076/eeg/sub-076_task-sleep_run-2_eeg.edf,MSSV_mice_sleep_staging_dataset_openneuro_ds006366/sub-076/eeg/sub-076_task-sleep_run-2_events.tsv,2,lab_2,Male,4-7 months,adult,WT
sub-077,MSSV_mice_sleep_staging_dataset_openneuro_ds006366/sub-077/eeg/sub-077_task-sleep_run-1_eeg.edf,MSSV_mice_sleep_staging_dataset_openneuro_ds006366/sub-077/eeg/sub-077_task-sleep_run-1_events.tsv,1,lab_2,Male,4-7 months,adult,WT
sub-077,MSSV_mice_sleep_staging_dataset_openneuro_ds006366/sub-077/eeg/sub-077_task-sleep_run-2_eeg.edf,MSSV_mice_sleep_staging_dataset_openneuro_ds006366/sub-077/eeg/sub-077_task-sleep_run-2_events.tsv,2,lab_2,Male,4-7 months,adult,WT
sub-078,MSSV_mice_sleep_staging_dataset_openneuro_ds006366/sub-078/eeg/sub-078_task-sleep_run-1_eeg.edf,MSSV_mice_sleep_staging_dataset_openneuro_ds006366/sub-078/eeg/sub-078_task-sleep_run-1_events.tsv,1,lab_2,Male,4-7 months,adult,WT
sub-078,MSSV_mice_sleep_staging_dataset_openneuro_ds006366/sub-078/eeg/sub-078_task-sleep_run-2_eeg.edf,MSSV_mice_sleep_staging_dataset_openneuro_ds006366/sub-078/eeg/sub-078_task-sleep_run-2_events.tsv,2,lab_2,Male,4-7 months,adult,WT
sub-079,MSSV_mice_sleep_staging_dataset_openneuro_ds006366/sub-079/eeg/sub-079_task-sleep_run-1_eeg.edf,MSSV_mice_sleep_staging_dataset_openneuro_ds006366/sub-079/eeg/sub-079_task-sleep_run-1_events.tsv,1,lab_2,Male,4-7 months,adult,WT
sub-079,MSSV_mice_sleep_staging_dataset_openneuro_ds006366/sub-079/eeg/sub-079_task-sleep_run-2_eeg.edf,MSSV_mice_sleep_staging_dataset_openneuro_ds006366/sub-079/eeg/sub-079_task-sleep_run-2_events.tsv,2,lab_2,Male,4-7 months,adult,WT
sub-080,MSSV_mice_sleep_staging_dataset_openneuro_ds006366/sub-080/eeg/sub-080_task-sleep_run-1_eeg.edf,MSSV_mice_sleep_staging_dataset_openneuro_ds006366/sub-080/eeg/sub-080_task-sleep_run-1_events.tsv,1,lab_2,Male,4-7 months,adult,WT
sub-080,MSSV_mice_sleep_staging_dataset_openneuro_ds006366/sub-080/eeg/sub-080_task-sleep_run-2_eeg.edf,MSSV_mice_sleep_staging_dataset_openneuro_ds006366/sub-080/eeg/sub-080_task-sleep_run-2_events.tsv,2,lab_2,Male,4-7 months,adult,WT
sub-081,MSSV_mice_sleep_staging_dataset_openneuro_ds006366/sub-081/eeg/sub-081_task-sleep_run-1_eeg.edf,MSSV_mice_sleep_staging_dataset_openneuro_ds006366/sub-081/eeg/sub-081_task-sleep_run-1_events.tsv,1,lab_2,Male,4-7 months,adult,WT
sub-081,MSSV_mice_sleep_staging_dataset_openneuro_ds006366/sub-081/eeg/sub-081_task-sleep_run-2_eeg.edf,MSSV_mice_sleep_staging_dataset_openneuro_ds006366/sub-081/eeg/sub-081_task-sleep_run-2_events.tsv,2,lab_2,Male,4-7 months,adult,WT
sub-082,MSSV_mice_sleep_staging_dataset_openneuro_ds006366/sub-082/eeg/sub-082_task-sleep_run-1_eeg.edf,MSSV_mice_sleep_staging_dataset_openneuro_ds006366/sub-082/eeg/sub-082_task-sleep_run-1_events.tsv,1,lab_2,Male,4-7 months,adult,WT
sub-082,MSSV_mice_sleep_staging_dataset_openneuro_ds006366/sub-082/eeg/sub-082_task-sleep_run-2_eeg.edf,MSSV_mice_sleep_staging_dataset_openneuro_ds006366/sub-082/eeg/sub-082_task-sleep_run-2_events.tsv,2,lab_2,Male,4-7 months,adult,WT
sub-083,MSSV_mice_sleep_staging_dataset_openneuro_ds006366/sub-083/eeg/sub-083_task-sleep_run-1_eeg.edf,MSSV_mice_sleep_staging_dataset_openneuro_ds006366/sub-083/eeg/sub-083_task-sleep_run-1_events.tsv,1,lab_2,Male,4-7 months,adult,WT
sub-083,MSSV_mice_sleep_staging_dataset_openneuro_ds006366/sub-083/eeg/sub-083_task-sleep_run-2_eeg.edf,MSSV_mice_sleep_staging_dataset_openneuro_ds006366/sub-083/eeg/sub-083_task-sleep_run-2_events.tsv,2,lab_2,Male,4-7 months,adult,WT
sub-084,MSSV_mice_sleep_staging_dataset_openneuro_ds006366/sub-084/eeg/sub-084_task-sleep_run-1_eeg.edf,MSSV_mice_sleep_staging_dataset_openneuro_ds006366/sub-084/eeg/sub-084_task-sleep_run-1_events.tsv,1,lab_2,Male,4-7 months,adult,WT
sub-084,MSSV_mice_sleep_staging_dataset_openneuro_ds006366/sub-084/eeg/sub-084_task-sleep_run-2_eeg.edf,MSSV_mice_sleep_staging_dataset_openneuro_ds006366/sub-084/eeg/sub-084_task-sleep_run-2_events.tsv,2,lab_2,Male,4-7 months,adult,WT
sub-085,MSSV_mice_sleep_staging_dataset_openneuro_ds006366/sub-085/eeg/sub-085_task-sleep_run-1_eeg.edf,MSSV_mice_sleep_staging_dataset_openneuro_ds006366/sub-085/eeg/sub-085_task-sleep_run-1_events.tsv,1,lab_2,Male,4-7 months,adult,WT
sub-085,MSSV_mice_sleep_staging_dataset_openneuro_ds006366/sub-085/eeg/sub-085_task-sleep_run-2_eeg.edf,MSSV_mice_sleep_staging_dataset_openneuro_ds006366/sub-085/eeg/sub-085_task-sleep_run-2_events.tsv,2,lab_2,Male,4-7 months,adult,WT
sub-086,MSSV_mice_sleep_staging_dataset_openneuro_ds006366/sub-086/eeg/sub-086_task-sleep_run-1_eeg.edf,MSSV_mice_sleep_staging_dataset_openneuro_ds006366/sub-086/eeg/sub-086_task-sleep_run-1_events.tsv,1,lab_2,Male,4-7 months,adult,WT
sub-086,MSSV_mice_sleep_staging_dataset_openneuro_ds006366/sub-086/eeg/sub-086_task-sleep_run-2_eeg.edf,MSSV_mice_sleep_staging_dataset_openneuro_ds006366/sub-086/eeg/sub-086_task-sleep_run-2_events.tsv,2,lab_2,Male,4-7 months,adult,WT
sub-087,MSSV_mice_sleep_staging_dataset_openneuro_ds006366/sub-087/eeg/sub-087_task-sleep_run-1_eeg.edf,MSSV_mice_sleep_staging_dataset_openneuro_ds006366/sub-087/eeg/sub-087_task-sleep_run-1_events.tsv,1,lab_5,Male,8m,adult,WT
sub-087,MSSV_mice_sleep_staging_dataset_openneuro_ds006366/sub-087/eeg/sub-087_task-sleep_run-2_eeg.edf,MSSV_mice_sleep_staging_dataset_openneuro_ds006366/sub-087/eeg/sub-087_task-sleep_run-2_events.tsv,2,lab_5,Male,20m,old,WT
sub-087,MSSV_mice_sleep_staging_dataset_openneuro_ds006366/sub-087/eeg/sub-087_task-sleep_run-3_eeg.edf,MSSV_mice_sleep_staging_dataset_openneuro_ds006366/sub-087/eeg/sub-087_task-sleep_run-3_events.tsv,3,lab_5,Male,8m,adult,WT
sub-087,MSSV_mice_sleep_staging_dataset_openneuro_ds006366/sub-087/eeg/sub-087_task-sleep_run-4_eeg.edf,MSSV_mice_sleep_staging_dataset_openneuro_ds006366/sub-087/eeg/sub-087_task-sleep_run-4_events.tsv,4,lab_5,Male,26m,old,WT
sub-087,MSSV_mice_sleep_staging_dataset_openneuro_ds006366/sub-087/eeg/sub-087_task-sleep_run-5_eeg.edf,MSSV_mice_sleep_staging_dataset_openneuro_ds006366/sub-087/eeg/sub-087_task-sleep_run-5_events.tsv,5,lab_5,Male,20m,old,WT
sub-087,MSSV_mice_sleep_staging_dataset_openneuro_ds006366/sub-087/eeg/sub-087_task-sleep_run-6_eeg.edf,MSSV_mice_sleep_staging_dataset_openneuro_ds006366/sub-087/eeg/sub-087_task-sleep_run-6_events.tsv,6,lab_5,Male,26m,old,WT
sub-088,MSSV_mice_sleep_staging_dataset_openneuro_ds006366/sub-088/eeg/sub-088_task-sleep_run-1_eeg.edf,MSSV_mice_sleep_staging_dataset_openneuro_ds006366/sub-088/eeg/sub-088_task-sleep_run-1_events.tsv,1,lab_5,Male,8m,adult,WT
sub-088,MSSV_mice_sleep_staging_dataset_openneuro_ds006366/sub-088/eeg/sub-088_task-sleep_run-2_eeg.edf,MSSV_mice_sleep_staging_dataset_openneuro_ds006366/sub-088/eeg/sub-088_task-sleep_run-2_events.tsv,2,lab_5,Male,8m,adult,WT
sub-089,MSSV_mice_sleep_staging_dataset_openneuro_ds006366/sub-089/eeg/sub-089_task-sleep_run-1_eeg.edf,MSSV_mice_sleep_staging_dataset_openneuro_ds006366/sub-089/eeg/sub-089_task-sleep_run-1_events.tsv,1,lab_5,Male,3m,juvenile,WT
sub-089,MSSV_mice_sleep_staging_dataset_openneuro_ds006366/sub-089/eeg/sub-089_task-sleep_run-2_eeg.edf,MSSV_mice_sleep_staging_dataset_openneuro_ds006366/sub-089/eeg/sub-089_task-sleep_run-2_events.tsv,2,lab_5,Male,3m,juvenile,WT
sub-090,MSSV_mice_sleep_staging_dataset_openneuro_ds006366/sub-090/eeg/sub-090_task-sleep_run-1_eeg.edf,MSSV_mice_sleep_staging_dataset_openneuro_ds006366/sub-090/eeg/sub-090_task-sleep_run-1_events.tsv,1,lab_5,Male,3m,juvenile,WT
sub-090,MSSV_mice_sleep_staging_dataset_openneuro_ds006366/sub-090/eeg/sub-090_task-sleep_run-2_eeg.edf,MSSV_mice_sleep_staging_dataset_openneuro_ds006366/sub-090/eeg/sub-090_task-sleep_run-2_events.tsv,2,lab_5,Male,3m,juvenile,WT
sub-091,MSSV_mice_sleep_staging_dataset_openneuro_ds006366/sub-091/eeg/sub-091_task-sleep_run-1_eeg.edf,MSSV_mice_sleep_staging_dataset_openneuro_ds006366/sub-091/eeg/sub-091_task-sleep_run-1_events.tsv,1,lab_5,Male,26m,old,WT
sub-091,MSSV_mice_sleep_staging_dataset_openneuro_ds006366/sub-091/eeg/sub-091_task-sleep_run-2_eeg.edf,MSSV_mice_sleep_staging_dataset_openneuro_ds006366/sub-091/eeg/sub-091_task-sleep_run-2_events.tsv,2,lab_5,Male,20m,old,WT
sub-091,MSSV_mice_sleep_staging_dataset_openneuro_ds006366/sub-091/eeg/sub-091_task-sleep_run-3_eeg.edf,MSSV_mice_sleep_staging_dataset_openneuro_ds006366/sub-091/eeg/sub-091_task-sleep_run-3_events.tsv,3,lab_5,Male,26m,old,WT
sub-091,MSSV_mice_sleep_staging_dataset_openneuro_ds006366/sub-091/eeg/sub-091_task-sleep_run-4_eeg.edf,MSSV_mice_sleep_staging_dataset_openneuro_ds006366/sub-091/eeg/sub-091_task-sleep_run-4_events.tsv,4,lab_5,Male,20m,old,WT
sub-092,MSSV_mice_sleep_staging_dataset_openneuro_ds006366/sub-092/eeg/sub-092_task-sleep_run-1_eeg.edf,MSSV_mice_sleep_staging_dataset_openneuro_ds006366/sub-092/eeg/sub-092_task-sleep_run-1_events.tsv,1,lab_5,Male,3m,juvenile,WT
sub-092,MSSV_mice_sleep_staging_dataset_openneuro_ds006366/sub-092/eeg/sub-092_task-sleep_run-2_eeg.edf,MSSV_mice_sleep_staging_dataset_openneuro_ds006366/sub-092/eeg/sub-092_task-sleep_run-2_events.tsv,2,lab_5,Male,3m,juvenile,WT
